Brewery,Address,Contact_Info
Alameda Island Brewing Company Address,"1716 Park Street
Alameda, California, United States",http://alamedaislandbrewingcompany.com/
Faction Brewing Address,"2501 Monarch Street
Alameda, California, United States",http://factionbrewing.com/
Ocean View Brew Works Address,"627 San Pablo Avenue
Albany, California, United States",https://www.oceanviewbrews.com/
,,
Alpine Beer Company Address,"2363 Alpine Blvd
Alpine, California, United States",http://alpinebeerco.com/home/
Bottle Logic Brewing Address,"1072 N. Armando St.
Anaheim, California, United States",http://bottlelogic.com
Bruery Terreux Address,"737 Dunn Way
Anaheim, California, United States",http://www.brueryterreux.com
Hoparazzi Brewing Co. Address,"D
2910 E La Palma Avenue
Anaheim, California, United States",+1 (714) 204-0655
Noble Ale Works Address,"1621 S Sinclair St
Anaheim, California, United States",http://www.noblealeworks.com
Redwood Curtain Brewing Company Address,"550 S G Street
Arcata, California, United States",https://www.redwoodcurtainbrewing.com
Auburn Alehouse Address,"289 Washington Street
Auburn, California, United States",http://auburnalehouse.com
Crooked Lane Brewing Company Address,"536 Grass Valley Highway
Auburn, California, United States",http://www.crookedlanebrewing.com
Knee Deep Brewing Company Address,"13395 New Airport Rd.
Auburn, California, United States",http://kneedeepbrewing.com
Moonraker Brewing Co. Address,"100
12970 Earhart Avenue
Auburn, California, United States",https://www.moonrakerbrewing.com
Lengthwise Brewing Company Address,"7700 District Boulevard
Bakersfield, California, United States",http://lengthwise.com/
Temblor Brewing Company Address,"Suite 200
3200 Buck Owens Boulevard
Bakersfield, California, United States",https://temblorbrewing.com/
Bison Brewing Company Address,"930 Dwight Way #10a
Berkeley, California, United States",http://bisonbrew.com/
Fieldwork Brewing Company Address,"1160 Sixth Street
Berkeley, California, United States",https://fieldworkbrewing.com/
Gilman Brewing Company Address,"912 Gilman St, Berkeley, CA 94710, USA
Berkeley, California, United States",http://www.gilmanbrew.com
Jupiter Address,"2181 Shattuck Avenue
Berkeley, California, United States",http://www.jupiterbeer.com
The Rare Barrel Address,"940 Parker Street
Berkeley, California, United States",https://www.therarebarrel.com
Triple Rock Brewing Address,"1920 Shattuck Avenue
Berkeley, California, United States",http://triplerock.com/
The Brewing Lair Address,"67007 CA Highway 70
Blairsden, California, United States",http://www.thebrewinglair.com/
Mad River Brewing Address,"195 Taylor Way
Blue Lake, California, United States",https://www.madriverbrewing.com
Anderson Valley Brewing Company Address,"17700 Highway 253
Boonville, California, United States",http://avbc.com
TAPS Fish House & Brewery Address,"101 E Imperial Hwy
Brentwood, California, United States",http://www.tapsfishhouse.com
Figueroa Mountain Brewing Address,"45 Industrial Way
Buellton, California, United States",http://www.figmtnbrew.com
Lincoln Beer Company Address,"3083 N Lima Street
Burbank, California, United States",https://www.lincolnbeercompany.com/
Trustworthy Brewing Co. Address,"156 W Verdugo Avenue
Burbank, California, United States",http://trustworthybrewingco.com/
Institution Ale Co. Address,"3841 Mission Oaks Blvd
Camarillo, California, United States",http://www.institutionales.com
Campbell Brewing Company Address,"200 East Campbell Avenue
Campbell, California, United States",http://www.campbellbrewing.com
Arcana Brewing Company Address,"Suite C
5621 Palmer Way
Carlsbad, California, United States",http://www.arcanabrewing.com
Burgeon Beer Company Address,"Suite C
6350 Yarrow Dr
Carlsbad, California, United States",http://burgeonbeer.com
Culver Beer Co. Address,"Suite D
2719 Loker Avenue West
Carlsbad, California, United States",http://www.culverbeer.com
Guadalupe Brewery Address,"D
5674 El Camino Real
Carlsbad, California, United States",http://www.guadalupebrewery.com/home
Pizza Port Brewing Company Address,"2730 Gateway Road
Carlsbad, California, United States",http://pizzaport.com
Rouleur Brewing Company Address,"101
5840 El Camino Real
Carlsbad, California, United States",http://rouleurbrewing.com
Secret Trail Brewing Company Address,"Suite 120
132 Meyers Street
Chico, California, United States",http://www.secrettrailbrewing.com
Sierra Nevada Brewing Company Address,"1075 East 20th Street
Chico, California, United States",http://www.sierranevada.com
Chula Vista Brewery Address,"294 Third Ave.
Chula Vista, California, United States",http://www.chulavistabrewery.com/
Novo Brazil Brewing Address,"901 Lane Avenue
Chula Vista, California, United States",http://www.novobrazilbrewing.com
Claremont Craft Ales Address,"204c
1420 N Claremont Blvd
Claremont, California, United States",http://www.claremontcraftales.com
Bear Republic Brewing Company Address,"110 Sandholm Lane
Cloverdale, California, United States",http://bearrepublic.com
Black Diamond Brewing Company Address,"2470 Bates Ave
Concord, California, United States",http://www.blackdiamondbrew.com
Epidemic Ales Address,"150 Mason Circle, Suite J
Concord, California, United States",http://www.epidemicales.com/
Cool Beerwerks Brewery Address,"5020 Ellinghouse Drive
Cool, California, United States",https://www.cbwbeer.com/
Barley Forge Brewing Co. Address,"2957 Randolph Avenue
Costa Mesa, California, United States",http://barleyforge.com
Alosta Brewing Company Address,"692 Arrow Grand Cir.
Covina, California, United States",http://alostabrewing.com/Home.html
Danville Brewing Company Address,"200 Railroad Avenue
Danville, California, United States",http://www.danvillebrewing.com/home.html
Sudwerk Brewing Company Address,"2001 2nd Street
Davis, California, United States",http://sudwerkbrew.com
Super Owl Brewing Address,"121
2614 1260 Lake Boulevard
Davis, California, United States",http://www.superowlbrewing.com/
Viewpoint Brewing Company Address,"2201 San Dieguito Drive
Del Mar, California, United States",https://www.viewpointbrewing.com/
Burning Beard Brewing Company Address,"785 Vernon Way
El Cajon, California, United States",http://burningbeardbrewing.com
Elevation 66 Brewing Company Address,"10082 San Pablo Ave, El Cerrito, CA 94530, United States
El Cerrito, California, United States",http://www.elevation66.com
Mraz Brewing Company Address,"510
2222 Francisco Drive
El Dorado County, California, United States",http://mrazbrewingcompany.com
El Segundo Brewing Company Address,"140 Main Street
El Segundo, California, United States",http://elsegundobrewing.com
Arrogant Consortia Address,"1999 Citracado Parkway
Escondido, California, United States",http://www.arrogantbrewing.com
Jacked Up Brewery Address,"800 W Grand Ave
Escondido, California, United States",http://jackedupbrewery.com
Lost Coast Brewery Address,"1600 Sunset Drive
Eureka, California, United States",http://www.lostcoast.com
Iron Springs Brewpub Address,"765 Center Boulevard
Fairfax, California, United States",http://ironspringspub.com/
Heretic Brewing Company Address,"1052 Horizon Drive
Fairfield, California, United States",http://www.hereticbrewing.com
Fallbrook Brewing Company Address,"136 N. Main Avenue
Fallbrook, California, United States",http://www.fallbrookbrewing.com
North Coast Brewing Company Address,"444 N Main Street
Fort Bragg, California, United States",http://www.northcoastbrewing.com/
Eel River Brewing Co. Address,"1777 Alamar Way
Fortuna, California, United States",http://eelriverbrewing.com
Das Brew Inc. Address,"44356 S Grimmer Blvd.
Fremont, California, United States",http://www.dasbrewinc.com/home
Tioga-Sequoia Brewing Company Address,"745 Fulton Street
Fresno, California, United States",http://tiogasequoia.com
Bootlegger's Brewery Address,"1100 E Truslow Ave
Fullerton, California, United States",http://www.bootleggersbrewery.com
Captain Fatty's Brewery Address,"D
6483 Calle Real
Goleta, California, United States",http://www.captainfattys.com
Half Moon Bay Brewing Company Address,"390 Capistrano Road
Half Moon Bay, California, United States",http://www.hmbbrewingco.com/
Common Space Brewery Address,"3411 West El Segundo Boulevard
Hawthorne, California, United States",https://www.commonspace.la/our-team
Buffalo Bill's Brewery Address,"1082 B St
Hayward, California, United States",http://buffalobillsbrewery.com
Sonoma Cider Address,"44F MILL STREET
Healdsburg, California, United States",http://sonomacider.com/?
Humble Farmer Brewing Company Address,"438 Walnut Avenue
Holtville, California, United States",http://www.humblefarmerbrewing.com
BJ's Restaurant and Brewery Address,"7755 Center Avenue
Imperial Beach, California, United States",http://www.bjsrestaurants.com
Three Weavers Brewing Company Address,"1031 W Manchester Blvd
Inglewood, California, United States",http://www.threeweavers.la
Evans Brewing Company Address,"2000 Main Street
Irvine, California, United States",http://www.evansbrewco.com
Jamul Brewing Co. Address,"Jamul, California, United States",http://jpilarwines.com/jamul-brewing-co
La Jolla Brewing Company Address,"7536 Fay Ave.
La Jolla, California, United States",http://www.lajollabeer.com
Bolt Brewery Address,"8179 Center St
La Mesa, California, United States",http://boltbrewery.com
Fourpenny House Address,"8323 La Mesa Blvd.
La Mesa, California, United States",http://www.fourpennyhouse.com
Cold Water Brewery & Grill Address,"2544 HWY 50
Lake Tahoe, California, United States",http://www.tahoecoldwaterbrewery.com
Marin Brewing Company Address,"1809 Larkspur Landing Circle
Lake Tahoe, California, United States",http://www.marinbrewing.com
Stadium Pizza Address,"169 N Main Street
Lake Tahoe, California, United States",http://www.stadiumpizza.com
The Brewery at Lake Tahoe Address,"3542 Lake Tahoe Boulevard
Lake Tahoe, California, United States",http://www.brewerylaketahoe.com/
Bravery Brewing Address,"42705 8th St W
Lancaster, California, United States",http://www.braverybrewing.com
Packinghouse Brewing Company Address,"6421 Central Avenue
Little River, California, United States",http://www.pbbeer.com
Altamont Beer Works Address,"2402 Research Drive
Livermore, California, United States",https://altamontbeerworks.com/
Eight Bridges Brewing Company Address,"332 Earhart Way
Livermore, California, United States",http://www.eightbridgesbrewing.com
Shadow Puppet Brewing Company Address,"Suite B
4771 Arroyo Vista
Livermore, California, United States",http://www.shadowpuppetbrewing.com
Working Man Brewing Company Address,"Suite F
5542 Brisa Street
Livermore, California, United States",http://workingmanbrewing.com/
Beachwood BBQ & Brewing Address,"210 East 3rd Street
Longbeach, California, United States",http://beachwoodbbq.com
Angel City Brewery Address,"216 S Alameda Street
Los Angeles, California, United States",http://angelcitybrewery.com
Arts District Brewing Company Address,"828 Traction Ave
Los Angeles, California, United States",http://213dthospitality.com/project/arts-district-brewing-co
Boomtown Brewery Address,"700 Jackson Street
Los Angeles, California, United States",https://boomtownbrew.com/?v=3e8d115eb4b3
Brewery Rex Address,"Los Angeles, California, United States",https://breweryrex.com
Eagle Rock Brewery Address,"3056 Roswell St
Los Angeles, California, United States",http://www.eaglerockbrewery.com
Golden Road Brewing Address,"5410 W San Fernando Road
Los Angeles, California, United States",http://goldenroad.la/home
Indie Brewing Company Address,"2350 Sunrise Street
Los Angeles, California, United States",https://indiebrewco.com/?age-verified=b82e0ab29a
MacLeod Ale Brewing Co. Address,"14741 Calvert Street
Los Angeles, California, United States",http://www.macleodale.com
Black Doubt Brewing Co. Address,"452 Old Mammoth Rd
Mammoth Lakes, California, United States",http://blackdoubtbrewing.com
Headlands Brewing Company Address,"Mill Valley, California, United States",http://headlandsbrewing.com
Alvarado Street Brewery Address,"426 Alvarado Street
Monterey, California, United States",http://www.alvaradostreetbrewery.com
Enegren Brewing Company Address,"120
444 Zachary Street
Moorpark, California, United States",http://www.enegrenbrewing.com
Chihuahua Brewing Co. Address,"3107 Newport Boulevard
Newport Beach, California, United States",https://www.chihuahuacerveza.com/
Newport Beach Brewing Company Address,"2920 Newport Blvd
Newport Beach, California, United States",http://newportbeachbrewingcompany.com
Moylan's Brewery & Restaurant Address,"15 Rowland Way
Novato, California, United States",http://www.moylans.com/site/pages/home/index.php
Ale Industries Address,"3096 E. 10th St.
Oakland, California, United States",http://www.aleindustries.com/
Crooked City Cider Address,"477 25th Street
Oakland, California, United States",http://www.crookedcitycider.com/
Novel Brewing Company Address,"6510 San Pablo Avenue
Oakland, California, United States",http://www.novelbrewing.com
Oakland United Beerworks Address,"262 2nd Street
Oakland, California, United States",https://oaklandunitedbeerworks.com/
Old Kan Beer Co. Address,"95 Linden Street
Oakland, California, United States",http://www.old-kan.com
Original Pattern Brewing Company Address,"292 4th St, Oakland, CA 94607, USA
Oakland, California, United States",https://www.originalpatternbeer.com
Pacific Coast Brewing Co. Address,"906 Washington Street
Oakland, California, United States",http://www.pacificcoastbrewing.com/
Roses' Taproom Address,"4930 Telegraph Avenue Oakland, CA, 94609 United States
Oakland, California, United States",http://www.rosestaproom.com/
Woods Beer Company Address,"1701 Telegraph Avenue
Oakland, California, United States",http://www.woodsbeer.com
Bagby Beer Company Address,"601 S Coast Hwy
Oceanside, California, United States",http://www.bagbybeer.com
Black Plague Brewery Address,"2550 Jason Court
Oceanside, California, United States",http://blackplaguebrewing.com
Breakwater Brewing Co. Address,"101 N. Coast Highway
Oceanside, California, United States",http://breakwaterbrewing.com
Legacy Brewing Co. Address,"363 Airport Rd
Oceanside, California, United States",http://www.legacybrewingco.com
Oceanside Brewing Company Address,"312 Via Del Norte
Oceanside, California, United States",http://www.oceansidebrewingco.com
Green Cheek Beer Company Address,"C
3108, 2294 N Batavia Street
Orange, California, United States",http://www.greencheekbeer.com
Casa Agria Specialty Ales Address,"701 N. Del Norte Blvd.
Oxnard, California, United States",http://www.casaagria.com
La Quinta Brewing Company Address,"77917 Wildcat Drive
Palm Springs, California, United States",http://www.laquintabrewing.com
Homage Brewing Address,"281 S. Thomas St.
Parlier, California, United States",http://www.homagebrewing.com
Barrelhouse Brewing Company Address,"3055 Limestone Way
Paso Robles, California, United States",http://www.barrelhousebrewing.com
Barrelhouse Brewing Company Address,"3055 Limestone Way
Paso Robles, California, United States",http://www.barrelhousebrewing.com
101 North Brewing Company Address,"1304 Scott Street
Petaluma, California, United States",http://www.101northbeer.com
Lagunitas Brewing Company Address,"1280 North McDowell Blvd
Petaluma, California, United States",https://lagunitas.com/
Stereo Brewing Company Address,"950 S Vía Rodeo
Placentia, California, United States",https://www.stereobrewing.com
The Bruery Address,"737 Dunn Way
Placentia, California, United States",http://www.thebruery.com
Amador Brewing Company Address,"9659 Main Street
Plymouth, California, United States",http://www.amadorbrewing.com
Sanctum Brewing Company Address,"21
560 E Commercial Street
Pomona, California, United States",https://www.sanctumbrewing.com/home
Lightning Brewery Address,"#105
13200 Kirkham Way
Poway, California, United States",http://www.lightningbrew.com
Chuck Alek Independent Brewers Address,"Ste C
2330 Main St
Ramona, California, United States",http://www.chuckalek.com
Fort Rock Brewing Address,"110
12401 Folsom Blvd
Rancho Cordova, California, United States",http://www.fortrockbrewing.com
No Clue Craft Brewery Address,"170
9037 Arrow Route
Rancho Cucamonga, California, United States",https://nocluebrew.com
Hangar 24 Craft Brewery Address,"1710 Sessums Drive
Redlands, California, United States",https://hangar24brewing.com
Fall River Brewing Company Address,"1030 East Cypress
Redwood City, California, United States",http://fallriverbrewing.com
Freewheel Brewing Company Address,"3736 Florence St
Redwood City, California, United States",http://freewheelbrewing.com/
Armistice Brewing Company Address,"#1
845 Marina Bay Parkway
Richmond, California, United States",http://www.armisticebrewing.com
East Brother Beer Company Address,"1001 Canal Boulevard
Richmond, California, United States",http://www.eastbrotherbeer.com
Far West Cider Co. Address,"1325 Canal Boulevard
Richmond, California, United States",http://farwestcider.com/
Out of Bounds Brewing Company Address,"100
4480 Yankee Hill Road
Rocklin, California, United States",http://www.outofboundsbrewing.com
Track 7 Brewing Company Address,"3747 W Pacific Avenue
Sacramento, California, United States",https://track7brewing.com
South City Ciderworks Address,"1236 Montgomery Ave
San Bruno, California, United States",http://www.southcitycider.com/
Devil's Canyon Brewing Company Address,"935 Washington St
San Carlos, California, United States",http://devilscanyon.com/
High Water Brewing Address,"1924 Pacific Avenue
San Carlos, California, United States",http://www.highwaterbrewing.com
Artifex Brewing Company Address,"919 Calle Amanecer
San Clemente, California, United States",http://artifexbrewing.com
Left Coast Brewing Company Address,"1245 Puerta Del Sol
San Clemente, California, United States",http://leftcoastbrewing.com/
Oggi's Pizza & Brewing Company Address,"1245 Puerta del Sol
San Clemente, California, United States",https://oggis.com
2Kids Brewing Company Address,"#123
8680 Miralani Dr
San Diego, California, United States",http://2kidsbrewing.com
32 North Brewing Co. Address,"8655 Production Ave
San Diego, California, United States",http://www.32northbrew.com
Abnormal Beer Company Address,"Ste. 123
16990 Via Tazon
San Diego, California, United States",https://abnormalbeer.co
Acoustic Ales Brewing Experiment Address,"2120 W Washington Street
San Diego, California, United States",http://www.acousticales.com
AleSmith Brewing Co Address,"9990 AleSmith Court
San Diego, California, United States",http://alesmith.com
Align Brewing Address,"8680 Miralani Drive
San Diego, California, United States",+1 (619) 786-2781
Alta Brewing Company Address,"1983 Julian Avenue
San Diego, California, United States",http://altabrewingsd.com/
Amplified Ale Works Address,"#208
4150 Mission Blvd.
San Diego, California, United States",http://www.amplifiedales.com
Attitude Brewing Co. Address,"Suite 1115
1985 National Avenue
San Diego, California, United States",https://attitudebrewing.com/
Attitude Brewing Co. Address,"Suite 1115
1985 National Avenue
San Diego, California, United States",https://attitudebrewing.com/
Ballast Point Brewing Company Address,"9045 Carroll Way
San Diego, California, United States",https://www.ballastpoint.com
Barn Brewery Address,"#3
2850 El Cajon Boulevard
San Diego, California, United States",https://thebarnbrew.com/
Bay City Brewing Company Address,"3760 Hancock St
San Diego, California, United States",http://www.baycitybrewingco.com
Benchmark Brewing Co. Address,"Suite G
6190 Fairmount Avenue
San Diego, California, United States",http://www.benchmarkbrewing.com/Benchmark_Brewing_Company/HOME.html
Bitter Brothers Brewing Co. Address,"4170 Morena Blvd
San Diego, California, United States",http://bitterbrothers.com/
Bitter Brothers Brewing Company Address,"4170 Morena Blvd
San Diego, California, United States",http://bitterbrothers.com
BORDER X BREWING Address,"2181 Logan Avenue
San Diego, California, United States",https://www.borderxbrewing.com/
California Wild Ales Address,"4202 Sorrento Valley Boulevard
San Diego, California, United States",https://www.californiawildales.com/
Circle 9 Brewing Co. Address,"Suite C
7292 Opportunity Road
San Diego, California, United States",http://circle9brewingco.com/
Citizen Brewers Address,"Suite A
5837 Mission Gorge Road
San Diego, California, United States",http://citizenbrewers.com/
Coronado Brewing Company Address,"1205 Knoxville Street
San Diego, California, United States",http://coronadobrewing.com/
Council Brewing Company Address,"7705 Convoy Court
San Diego, California, United States",http://www.councilbrew.com
Deft Brewing Address,"5328 Banks Street
San Diego, California, United States",https://www.deftbrewing.com/
Division 23 Brewing Address,"7408 Trade St.
San Diego, California, United States",https://www.division23brewing.com
Duck Foot Brewing Company Address,"210
8920 Kenamar Drive
San Diego, California, United States",http://duckfootbeer.com
Duck Foot Brewing Company Address,"210
8920 Kenamar Drive
San Diego, California, United States",http://duckfootbeer.com
Duck Foot Brewing Company Address,"210
8920 Kenamar Drive
San Diego, California, United States",http://duckfootbeer.com
Fat Cat Beer Company Address,"San Diego, California, United States",http://www.fatcatbeers.com
Gravity Heights Address,"9920 Pacific Heights Boulevard
San Diego, California, United States",https://www.gravityheights.com/
Green Flash Brewing Company Address,"6550 Mira Mesa Blvd.
San Diego, California, United States",http://www.greenflashbrew.com/home/
Groundswell Brewing Co. Address,"Grantville 6304 Riverdale St.
San Diego, California, United States",http://groundswellbrew.com
Half Door Brewing Company Address,"903 Island Ave
San Diego, California, United States",http://www.halfdoorbrewing.com
Harland Brewing Co. Address,"10115 Carroll Canyon Road
San Diego, California, United States",https://harlandbeer.com/
Helm's Brewing Co. Address,"5640 Kearny Mesa Rd.
San Diego, California, United States",http://www.helmsbrewingco.com
High Style Brewing Company Address,"San Diego, California, United States",https://www.highstyleca.com/
Hillcrest Brewing Co. Address,"1458 University Ave.
San Diego, California, United States",http://www.hillcrestbrewingcompany.com
Home Brewing Co. Address,"#2
2911 El Cajon Boulevard
San Diego, California, United States",+1 (619) 450-6165
Intergalactic Brewing Company Address,"#107
9715 Carroll Centre Rd
San Diego, California, United States",http://www.intergalacticbrew.com
JuneShine Address,"3052 El Cajon Boulevard
San Diego, California, United States",https://www.juneshine.co/
Karl Strauss Brewing Company Address,"1157 Columbia Street
San Diego, California, United States",https://www.karlstrauss.com
Kensington Brewing Co. Address,"4067 Adams Avenue
San Diego, California, United States",https://www.brewerysandiego.com/
Ketch Brewing Address,"7889 Ostrow Street
San Diego, California, United States",https://ketchbrewing.com/
Kilowatt Brewing Address,"7576 Clairemont Mesa Blvd.
San Diego, California, United States",https://kilowatt.beer
Knotty Brewing Co. Address,"842 Market Street
San Diego, California, United States",http://knottybrewing.com/
Latchkey Brewing Company Address,"2120 W Washington Street
San Diego, California, United States",https://latchkeybrew.com
Little Miss Brewing Address,"Suite Y
6338, 7949 Stromesa Court
San Diego, California, United States",https://littlemissbrewing.com/
Longship Brewery Address,"10320 Camino Santa Fe ste C
San Diego, California, United States",https://www.longshipbrewery.com
Mike Hess Brewing Company Address,"3812 Grim Avenue
San Diego, California, United States",http://www.mikehessbrewing.com
Mikkeller Brewing Address,"9366 Cabot Drive
San Diego, California, United States",http://www.mikkellersd.com
Mission Brewery Address,"1441 L Street
San Diego, California, United States",http://missionbrewery.com
Modern Times Beer Address,"3725 Greenwood St
San Diego, California, United States",http://moderntimesbeer.com/tasting-room/point-loma
Monkey Paw Brewing Address,"805 16th Street
San Diego, California, United States",http://monkeypawbrewing.com
New English Brewing Company Address,"11545 Sorrento Valley Rd.
San Diego, California, United States",http://www.newenglishbrewing.com
North Park Beer Co. Address,"3038 University Ave
San Diego, California, United States",http://www.northparkbeerco.com/
Ocean Beach Brewery Address,"5041 Newport Avenue
San Diego, California, United States",http://obbrewingco.com
Original 40 Brewing Company Address,"3117 University Avenue
San Diego, California, United States",https://original40brewing.com/
Pacific Beach Ale House Address,"721 Grand Avenue
San Diego, California, United States",https://www.pbalehouse.com/
Pariah Brewing Company Address,"Suite B
3052 El Cajon Boulevard
San Diego, California, United States",https://www.pariahbrewing.com/
Poor House Brewing Co Address,"4494 30th Street
San Diego, California, United States",http://www.poorhousebrew.com/
Protector Brewery Address,"#128
8680 Miralani Drive
San Diego, California, United States",https://www.protectorbrewery.com/
Pure Project Brewing Address,"#308
9030 Kenamar Drive
San Diego, California, United States",https://www.purebrewing.org/
Quantum Brewing Address,"#116
5375 Kearny Villa Road
San Diego, California, United States",https://www.quantumbrewingsd.com/
Reckless Brewing Company Address,"9040 Carroll Way, Suite 8
San Diego, California, United States",http://www.wetnreckless.com
Resident Brewing Address,"1065 Fourth Avenue
San Diego, California, United States",http://residentbrewing.com/
Rough Draft Brewing Company Address,"Suite D
8830 Rehco Road
San Diego, California, United States",http://www.roughdraftbrew.com
Saint Archer Brewing Co. Address,"9550 Distribution Avenue
San Diego, California, United States",https://www.saintarcherbrewery.com/
San Diego Brewing Company Address,"10450 Friars Road
San Diego, California, United States",https://www.sandiegobrewing.com/
Savagewood Brewing Company Address,"Suite F
9879 Hibert Street
San Diego, California, United States",http://www.savagewoodbrewing.com/
Second Chance Beer Company Address,"15378 Avenue of Science #222
San Diego, California, United States",http://www.secondchancebeer.com
Serpentine Cider Address,"#100
8665 Miralani Drive
San Diego, California, United States",http://www.serpentinecider.com/
Setting Sun Sake Brewing Co. Address,"#120
8680 Miralani Drive
San Diego, California, United States",https://www.settingsunsake.com/
Societe Brewing Company Address,"8262 Clairemont Mesa Blvd
San Diego, California, United States",http://societebrewing.com
South Park Brewing Company Address,"1517 30th Street
San Diego, California, United States",http://southparkbrewing.com/
SouthNorte Beer Co. Address,"1245 Knoxville Street
San Diego, California, United States",https://www.southnorte.com
Stone Brewing Address,"795 J Street
San Diego, California, United States",http://www.stonebrewing.com
Thorn Brewing Address,"3176 Thorn Street
San Diego, California, United States",http://thorn.beer/
Thorn Brewing Address,"3176 Thorn Street
San Diego, California, United States",http://thorn.beer/
Two Roots Brewing Address,"4896 Newport Avenue
San Diego, California, United States",https://www.tworootsbrewingco.com/
White Labs Brewing Co. Address,"9495 Candida Street
San Diego, California, United States",https://www.whitelabsbrewingco.com/
21st Amendment Brewery & Restaurant Address,"563 2nd Street
San Francisco, California, United States",http://21st-amendment.com/
Almanac Beer Co. Address,"2325 3rd St Ste #222
San Francisco, California, United States",http://www.almanacbeer.com/
Alpenglow Beer Company Address,"San Francisco, California, United States",http://buckwildbrew.com
Anchor Brewing Company Address,"1705 Mariposa Street
San Francisco, California, United States",http://www.anchorbrewing.com/
Armstrong Brewing Company Address,"415 Grand Avenue
San Francisco, California, United States",https://www.armstrongbrewing.com
Barebottle Brewery Address,"1525 Cortland Avenue
San Francisco, California, United States",http://www.barebottle.com/
Barrel Head Brewhouse Address,"1785 Fulton St.
San Francisco, California, United States",http://www.barrelheadsf.com/
Black Sands Brewery Address,"701 Haight St
San Francisco, California, United States",http://www.blacksandsbeer.com/
Brasserie Saint James Address,"742 Valencia Street
San Francisco, California, United States",http://brasseriesaintjames.com
Cellarmaker Brewing Co. Address,"1150 Howard St, San Francisco, CA 94103, USA
San Francisco, California, United States",https://www.cellarmakerbrewing.com/
Ferment.Drink.Repeat.(FDR) Brewery Address,"2636 San Bruno Avenue
San Francisco, California, United States",https://www.fermentdrinkrepeat.com/
Fort Point Beer Company Address,"Golden Gate National Recreation Area, Presidio of San Francisco, 644 Old Mason St
San Francisco, California, United States",http://www.fortpointbeer.com/
Laughing Monk Brewing Address,"1439A Egbert Ave.
San Francisco, California, United States",http://www.laughingmonkbrewing.com/
Local Brewing Co. Address,"69 Bluxome St.
San Francisco, California, United States",http://localbrewingco.com/
Magnolia Brewing Address,"1398 Haight Street
San Francisco, California, United States",http://www.magnoliabrewing.com/
Palo Alto Brewing Company Address,"San Francisco, California, United States",http://www.paloaltobrewing.com
Seven Stills - Brewery & Distillery Address,"1439 Egbert Avenue
San Francisco, California, United States",https://www.sevenstillsofsf.com
Social Kitchen & Brewery Address,"1326 9th Ave.
San Francisco, California, United States",https://www.socialkitchenandbrewery.com/
Speakeasy Ales & Lagers Address,"1195 Evans Avenue
San Francisco, California, United States",http://www.goodbeer.com/
Tag + Jug Cider Company Address,"995 9th St
San Francisco, California, United States",http://www.tagandjug.com/
ThirstyBear Brewing Company Address,"661 Howard Street
San Francisco, California, United States",http://thirstybear.com/
Triple Voodoo Brewing & Tap Room Address,"2245 3rd Street
San Francisco, California, United States",https://www.triplevoodoo.com/
GearTooth AleWerks Address,"San Jose, California, United States",http://www.geartoothalewerks.com
Gordon Biersch Brewery Address,"33 E San Fernando St
San Jose, California, United States",http://www.gordonbiersch.com/brewery
Hermitage Brewing Company Address,"1627 S. 7th Street
San Jose, California, United States",http://hermitagebrewing.com
Strike Brewing Co. Address,"30
2099 S 10th Street
San Jose, California, United States",http://www.strikebrewingco.com
Docent Brewing Address,"C
33049 Calle Aviador
San Juan Capistrano, California, United States",http://docentbrewing.com
Cleophus Quealy Beer Company Address,"448 Hester St.
San Leandro, California, United States",http://www.cleoph.us/
Drake's Brewing Company Address,"1933 Davis Street, Building 177
San Leandro, California, United States",http://drinkdrakes.com/
7 Sisters Brewing Address,"Suite 110
181 Tank Farm Road
San Luis Obispo, California, United States",https://www.7sistersbrewing.com/
Bang the Drum Brewery Address,"Suite 130
1150 Laurel Lane
San Luis Obispo, California, United States",http://www.bangthedrumbrewery.com/
Central Coast Brewing Address,"1422 Monterey Street
San Luis Obispo, California, United States",http://www.centralcoastbrewing.com
SLO Brew Address,"855 Aerovista Lane
San Luis Obispo, California, United States",https://www.slobrew.com/
Dos Desperados Brewery Address,"1241 Linda Vista Dr
San Marcos, California, United States",http://www.dosdesperadosbrew.com
Kuracali Saké and Beer Brewery Address,"175 Bosstick Blvd.
San Marcos, California, United States",http://www.kuracali.com
Mason Ale Works Address,"255 Redel Road
San Marcos, California, United States",https://www.masonaleworks.com
Port Brewing Company Address,"#104
155 Mata Way
San Marcos, California, United States",http://portbrewing.com/
Rip Current Brewing Address,"100
1325 Grand Avenue
San Marcos, California, United States",http://ripcurrentbrewing.com
The Hop Concept Address,"104
155 Mata Way
San Marcos, California, United States",http://thehopconcept.com
The Lost Abbey Address,"155 Mata Way
San Marcos, California, United States",http://lostabbey.com
Hop Dogma Brewing Company Address,"1B
30 Avenue Portola
San Mateo, California, United States",http://hopdogma.com/home
Brouwerij West Address,"110 E 22nd Street
San Pedro, California, United States",http://www.brouwerijwest.com
Canyon Lakes Golf Course & Brewery Address,"640 Bollinger Canyon Way
San Ramon, California, United States",http://www.canyonlakesgolfbrew.com
Cismontane Brewing Company Address,"C
1409 East Warner Ave
Santa Ana, California, United States",http://www.cismontanebrewing.com/home/
Island Brewing Company Address,"5049 6 Street
Santa Barbara, California, United States",http://www.islandbrewingcompany.com
Telegraph Brewing Company Address,"418 N Salsipuedes Street
Santa Barbara, California, United States",https://www.telegraphbrewing.com
Uncommon Brewers Address,"40H
303 Potrero Street
Santa Cruz, California, United States",https://www.uncommonbrewers.com
FoxCraft Hard Cider Company Address,"409 Mendocino Avenue
Santa Maria, California, United States",http://www.foxcraftcider.com
Santa Maria Brewing Co. Address,"1451 Fairway Drive
Santa Maria, California, United States",https://www.santamariabrewing.co/
Santa Monica Brew Works Address,"1920 Colorado Ave C
Santa Monica, California, United States",http://www.santamonicabrewworks.com
Santa Monica Brew Works Address,"1920 Colorado Ave C
Santa Monica, California, United States",http://www.santamonicabrewworks.com
,,
Moonlight Brewing Company Address,"3350 Coffey Lane Suite A
Santa Rosa, California, United States",https://moonlightbrewing.com/
Russian River Brewing Company Address,"725 4th Street
Santa Rosa, California, United States",http://russianriverbrewing.com/
Third Street Aleworks Address,"610 3rd Street
Santa Rosa, California, United States",http://thirdstreetaleworks.com
BNS Brewing & Distilling Company Address,"Ste 101
10960 Wheatlands Ave
Santee, California, United States",http://www.bnsbrewinganddistilling.com
Finest Made Ales Address,"9962 Prospect Ave.
Santee, California, United States",http://www.finestmade.com
Thr3e Punk Ales Brewing Co. Address,"9962 Prospect Ave E.
Santee, California, United States",http://3punkales.com
Ace Cider Address,"2064 Gravenstein Hwy N #40
Sebastopol, California, United States",http://www.acecider.com
,,
Carneros Brewing Company Address,"22985 Burndale Rd
Sonoma, California, United States",https://www.carnerosbrewing.com/
Sonoma Springs Brewing Company Address,"19449 Riverside Drive
Sonoma, California, United States",http://www.sonomaspringsbrewing.com/
Discretion Brewing Address,"2703 41 Avenue
Soquel, California, United States",http://www.discretionbrewing.com
Faultline Brewing Company Address,"1235 Oakmead Pkwy
Sunnyvale, California, United States",https://template.citycheers.com/851
Diamond Mountain Brewery Address,"900 Skyline
Susanville, California, United States",http://www.dmcah.com/brewery.php
Black Market Brewing Co Address,"109
41740 Enterprise Circle N
Temecula, California, United States",https://blackmarketbrew.com
Refuge Brewery Address,"43040 Rancho Way
Temecula, California, United States",http://www.refugebrew.com
Wiens Brewing Company Address,"Suite A
27941 Diaz Road
Temecula, California, United States",http://wiensbrewing.com
HopSaint Brewing Company Address,"5160 West 190th Street
Torrance, California, United States",https://www.hopsaint.com
Morgan Territory Brewing Address,"1885 N MacArthur Drive
Tracy, California, United States",http://morganterritorybrewing.com
FiftyFifty Brewing Company Address,"1
11197 Brockway Road
Truckee, California, United States",http://fiftyfiftybrewing.com
Dust Bowl Brewing Address,"3000 Fulkerth Road
Turlock, California, United States",https://www.dustbowlbrewing.com
Tustin Brewing Company Address,"100
13011 Newport Avenue
Turlock, California, United States",http://tustinbrewery.com
Last Name Brewing Address,"2120 PORTERFIELD WAY
Upland, California, United States",http://lastnamebrewing.com
The Stout House Address,"1294 West 9th Street
Upland, California, United States",+1 (909) 493-7158
Aztec Brewing Company Address,"Suite 300
2330 La Mirada Dr.
Vista, California, United States",http://aztecbrewery.com
,,
Barrel Harbor Brewing Company Address,"Suite 104
2575 Pioneer Ave
Vista, California, United States",https://barrelharborbrewing.com
Bear Roots Brewing Co. Address,"1213 S Santa Fe Ave.
Vista, California, United States",http://bearrootsbrewing.com
Belching Beaver Brewery Address,"980 Park Center Drive
Vista, California, United States",http://www.belchingbeaver.com
Booze Brothers Brewing Co. Address,"Suite D
2545 Progress Street
Vista, California, United States",http://boozebros.com
Indian Joe Brewing Address,"2123 Industrial Ct.
Vista, California, United States",https://indianjoebrewing.com
Iron Fist Brewing Company Address,"101
1305 Hot Spring Way
Vista, California, United States",http://ironfistbrewing.com
Latitude 33 Brewing Co. Address,"Ste 104
1430 Vantage Court
Vista, California, United States",http://latitude33brewing.com
Mother Earth Brew Co. Address,"206 Main Street
Vista, California, United States",https://www.motherearthbrewco.com
Calicraft Brewing Co. Address,"2700 Mitchell Dr.
Walnut Creek, California, United States",http://www.calicraft.com/
Corralitos Brewing Company Address,"2536 Freedom Blvd
Watsonville, California, United States",http://www.corralitosbrewingco.com
Jackrabbit Brewing Company Address,"1323 Terminal Street
West Sacramento, California, United States",https://www.jackrabbitbrewingcompany.com/
,,
Berryessa Brewing Co. Address,"27260 hwy 128
Winters, California, United States",http://berryessabrewingco.com/home
